{"name": "mnist_CW_1permutated_model", "acc": [0.8732333333333333, 0.9483166666666667, 0.9609, 0.9673, 0.9729], "epochs": [0, 1, 2, 3, 4]}
