{"name": "mnist_CW_1permutated_model", "acc": [0.87085, 0.94685, 0.9601333333333333, 0.9665666666666667, 0.9734166666666667], "epochs": [0, 1, 2, 3, 4]}
