{"name": "mnist_CW_1_model", "acc": [0.9575833333333333, 0.9862833333333333, 0.9899833333333333, 0.9919166666666667, 0.9927666666666667], "epochs": [0, 1, 2, 3, 4]}
{"name": "mnist_CW_2_model", "acc": [0.9610833333333333, 0.9865, 0.9896, 0.9923, 0.9936833333333334], "epochs": [0, 1, 2, 3, 4]}
{"name": "mnist_FGSM_model", "acc": [0.9652166666666666, 0.9864333333333334, 0.9896166666666667, 0.9920833333333333, 0.9929166666666667], "epochs": [0, 1, 2, 3, 4]}
