{"name": "fashion_mnist_FGSM_UNENCRYPTED", "acc": [0.82255, 0.8773833333333333, 0.8939666666666667, 0.9053833333333333, 0.9165166666666666, 0.9245], "epochs": [0, 1, 2, 3, 4, 5]}
{"name": "fashion_mnist_CW_1_UNENCRYPTED", "acc": [0.8217833333333333, 0.8908666666666667, 0.9089166666666667, 0.9197, 0.9261166666666667, 0.9336166666666667], "epochs": [0, 1, 2, 3, 4, 5]}
{"name": "fashion_mnist_CW_2_UNENCRYPTED", "acc": [0.8292833333333334, 0.89585, 0.9122833333333333, 0.9221833333333334, 0.9316, 0.9382833333333334], "epochs": [0, 1, 2, 3, 4, 5]}
