{"name": "mnist_FGSM_ECB_V1", "acc": [0.11233333333333333, 0.11236666666666667, 0.11236666666666667, 0.11236666666666667, 0.11236666666666667, 0.11236666666666667], "epochs": [0, 1, 2, 3, 4, 5]}
{"name": "mnist_CW_1_ECB_V1", "acc": [0.2804833333333333, 0.35673333333333335, 0.37545, 0.3877333333333333, 0.3929666666666667, 0.40268333333333334], "epochs": [0, 1, 2, 3, 4, 5]}
{"name": "mnist_CW_2_ECB_V1", "acc": [0.0991, 0.09915, 0.09915, 0.09915, 0.09915, 0.09915], "epochs": [0, 1, 2, 3, 4, 5]}
