{"name": "mnist_FGSM_UNENCRYPTED", "acc": [0.9665666666666667, 0.9862833333333333, 0.9891333333333333, 0.9920833333333333, 0.9933666666666666, 0.9930333333333333], "epochs": [0, 1, 2, 3, 4, 5]}
{"name": "mnist_CW_1_UNENCRYPTED", "acc": [0.95715, 0.9846166666666667, 0.9890333333333333, 0.9916, 0.9935, 0.9940666666666667], "epochs": [0, 1, 2, 3, 4, 5]}
{"name": "mnist_CW_2_UNENCRYPTED", "acc": [0.96335, 0.9868333333333333, 0.99, 0.9919, 0.9934166666666666, 0.9942666666666666], "epochs": [0, 1, 2, 3, 4, 5]}
