{"name": "mnist_CW_1_aes_encrypted_model", "acc": [0.29295, 0.3826833333333333, 0.40391666666666665, 0.4145, 0.42378333333333335], "epochs": [0, 1, 2, 3, 4]}
{"name": "mnist_CW_2_aes_encrypted_model", "acc": [0.09991666666666667, 0.1, 0.1, 0.1, 0.1], "epochs": [0, 1, 2, 3, 4]}
{"name": "mnist_FGSM_aes_encrypted_model", "acc": [0.1, 0.1, 0.1, 0.1, 0.1], "epochs": [0, 1, 2, 3, 4]}
