{"name": "mnist_CW_1_aes_encrypted_model", "acc": [0.09996666666666666, 0.1, 0.1, 0.1, 0.1], "epochs": [0, 1, 2, 3, 4]}
{"name": "mnist_CW_1_aes_encrypted_model", "acc": [0.10033333333333333, 0.1, 0.1, 0.1, 0.1], "epochs": [0, 1, 2, 3, 4]}
{"name": "mnist_CW_1_aes_encrypted_model", "acc": [0.09996666666666666, 0.1, 0.1, 0.1, 0.1], "epochs": [0, 1, 2, 3, 4]}
