{"name": "mnist_CW_1_aes_encrypted_model", "acc": [0.1105, 0.1122, 0.11236666666666667, 0.11235, 0.11236666666666667], "epochs": [0, 1, 2, 3, 4]}
{"name": "mnist_CW_1_aes_encrypted_model", "acc": [0.10965, 0.11236666666666667, 0.11188333333333333, 0.11236666666666667, 0.11215], "epochs": [0, 1, 2, 3, 4]}
{"name": "mnist_CW_1_aes_encrypted_model", "acc": [0.1109, 0.11236666666666667, 0.11183333333333334, 0.11236666666666667, 0.11236666666666667], "epochs": [0, 1, 2, 3, 4]}
{"name": "mnist_CW_1_aes_encrypted_model", "acc": [0.11228333333333333, 0.11236666666666667, 0.11236666666666667, 0.11236666666666667, 0.11236666666666667], "epochs": [0, 1, 2, 3, 4]}
