{"name": "mnist_CW_1_aes_encrypted_model", "acc": [0.1108, 0.11236666666666667, 0.11196666666666667, 0.11236666666666667, 0.11236666666666667], "epochs": [0, 1, 2, 3, 4]}
{"name": "mnist_CW_2_aes_encrypted_model", "acc": [0.09733333333333333, 0.09736666666666667, 0.09736666666666667, 0.09736666666666667, 0.09736666666666667], "epochs": [0, 1, 2, 3, 4]}
{"name": "mnist_FGSM_aes_encrypted_model", "acc": [0.09865, 0.09863333333333334, 0.09863333333333334, 0.09863333333333334, 0.09863333333333334], "epochs": [0, 1, 2, 3, 4]}
