{"name": "mnist_CW_1_aes_encrypted_model", "acc": [0.11176666666666667, 0.11178333333333333, 0.11245, 0.11236666666666667, 0.11236666666666667], "epochs": [0, 1, 2, 3, 4]}
{"name": "mnist_CW_2_aes_encrypted_model", "acc": [0.10216666666666667, 0.10218333333333333, 0.10218333333333333, 0.10218333333333333, 0.10218333333333333], "epochs": [0, 1, 2, 3, 4]}
{"name": "mnist_FGSM_aes_encrypted_model", "acc": [0.10441666666666667, 0.10441666666666667, 0.10441666666666667, 0.10441666666666667, 0.10441666666666667], "epochs": [0, 1, 2, 3, 4]}
