{"name": "fashion_mnist_FGSM_ECB_V1", "acc": [0.36893333333333334, 0.43156666666666665, 0.4521833333333333, 0.4764, 0.5126166666666667, 0.57535], "epochs": [0, 1, 2, 3, 4, 5]}
{"name": "fashion_mnist_CW_1_ECB_V1", "acc": [0.3620333333333333, 0.42885, 0.43865, 0.44326666666666664, 0.44715, 0.45106666666666667], "epochs": [0, 1, 2, 3, 4, 5]}
{"name": "fashion_mnist_CW_2_ECB_V1", "acc": [0.38161666666666666, 0.43316666666666664, 0.44293333333333335, 0.44653333333333334, 0.44995, 0.4545666666666667], "epochs": [0, 1, 2, 3, 4, 5]}
