{"name": "fashion_mnist_FGSM_CTR_V2", "acc": [0.09758333333333333, 0.09841666666666667, 0.09913333333333334, 0.09661666666666667, 0.09825, 0.09853333333333333], "epochs": [0, 1, 2, 3, 4, 5]}
{"name": "fashion_mnist_CW_1_CTR_V2", "acc": [0.0982, 0.09796666666666666, 0.10025, 0.09886666666666667, 0.09913333333333334, 0.0976], "epochs": [0, 1, 2, 3, 4, 5]}
{"name": "fashion_mnist_CW_2_CTR_V2", "acc": [0.10016666666666667, 0.09836666666666667, 0.09746666666666666, 0.09791666666666667, 0.09795, 0.09888333333333334], "epochs": [0, 1, 2, 3, 4, 5]}
