{"name": "fashion_mnist_FGSM_CTR_V1", "acc": [0.09688333333333334, 0.09885, 0.09688333333333334, 0.09893333333333333, 0.09758333333333333, 0.10016666666666667], "epochs": [0, 1, 2, 3, 4, 5]}
{"name": "fashion_mnist_CW_1_CTR_V1", "acc": [0.09995, 0.09873333333333334, 0.09871666666666666, 0.09655, 0.09706666666666666, 0.09816666666666667], "epochs": [0, 1, 2, 3, 4, 5]}
{"name": "fashion_mnist_CW_2_CTR_V1", "acc": [0.09908333333333333, 0.09801666666666667, 0.09905, 0.09766666666666667, 0.1001, 0.09841666666666667], "epochs": [0, 1, 2, 3, 4, 5]}
