{"name": "fashion_mnist_FGSM_CBC_V2", "acc": [0.1, 0.09946666666666666, 0.09683333333333333, 0.09896666666666666, 0.09898333333333334, 0.09908333333333333], "epochs": [0, 1, 2, 3, 4, 5]}
{"name": "fashion_mnist_CW_1_CBC_V2", "acc": [0.23345, 0.3451, 0.3540333333333333, 0.3547166666666667, 0.3571166666666667, 0.35635], "epochs": [0, 1, 2, 3, 4, 5]}
{"name": "fashion_mnist_CW_2_CBC_V2", "acc": [0.0971, 0.09975, 0.09736666666666667, 0.0992, 0.09758333333333333, 0.0969], "epochs": [0, 1, 2, 3, 4, 5]}
