{"name": "fashion_mnist_FGSM_ECB_V2", "acc": [0.5098, 0.5627833333333333, 0.5774833333333333, 0.5967, 0.6199166666666667, 0.6525], "epochs": [0, 1, 2, 3, 4, 5]}
{"name": "fashion_mnist_CW_1_ECB_V2", "acc": [0.5020666666666667, 0.55505, 0.5713166666666667, 0.57625, 0.5838, 0.5871], "epochs": [0, 1, 2, 3, 4, 5]}
{"name": "fashion_mnist_CW_2_ECB_V2", "acc": [0.49143333333333333, 0.55995, 0.5742166666666667, 0.5821666666666667, 0.5895333333333334, 0.59185], "epochs": [0, 1, 2, 3, 4, 5]}
