{"name": "fashion_mnist_FGSM_UNENCRYPTED", "acc": [0.82305, 0.8779, 0.8947666666666667, 0.9054166666666666, 0.9148166666666666, 0.9235666666666666], "epochs": [0, 1, 2, 3, 4, 5]}
{"name": "fashion_mnist_CW_1_UNENCRYPTED", "acc": [0.82235, 0.89, 0.9058666666666667, 0.9166833333333333, 0.92385, 0.9299], "epochs": [0, 1, 2, 3, 4, 5]}
{"name": "fashion_mnist_CW_2_UNENCRYPTED", "acc": [0.82845, 0.89615, 0.9130333333333334, 0.9229666666666667, 0.9319, 0.9382666666666667], "epochs": [0, 1, 2, 3, 4, 5]}
