{"name": "fashion_mnist_FGSM_CBC_V1", "acc": [0.09673333333333334, 0.09896666666666666, 0.09848333333333334, 0.098, 0.098, 0.10048333333333333], "epochs": [0, 1, 2, 3, 4, 5]}
{"name": "fashion_mnist_CW_1_CBC_V1", "acc": [0.22041666666666668, 0.26243333333333335, 0.2699166666666667, 0.2731, 0.2736166666666667, 0.27953333333333336], "epochs": [0, 1, 2, 3, 4, 5]}
{"name": "fashion_mnist_CW_2_CBC_V1", "acc": [0.09818333333333333, 0.09815, 0.09765, 0.09773333333333334, 0.09923333333333334, 0.09703333333333333], "epochs": [0, 1, 2, 3, 4, 5]}
