{"name": "mnist_FGSM_ECB_V1", "acc": [0.6954833333333333, 0.80955, 0.8272666666666667, 0.842, 0.8633333333333333, 0.8929833333333334], "epochs": [0, 1, 2, 3, 4, 5]}
{"name": "mnist_CW_1_ECB_V1", "acc": [0.6993, 0.8113, 0.8232333333333334, 0.8299166666666666, 0.8349833333333333, 0.8382166666666667], "epochs": [0, 1, 2, 3, 4, 5]}
{"name": "mnist_CW_2_ECB_V1", "acc": [0.7348, 0.81805, 0.82745, 0.83265, 0.8388666666666666, 0.84445], "epochs": [0, 1, 2, 3, 4, 5]}
