{"name": "mnist_FGSM_CTR_V2", "acc": [0.11158333333333334, 0.11236666666666667, 0.11236666666666667, 0.11216666666666666, 0.11226666666666667, 0.11236666666666667], "epochs": [0, 1, 2, 3, 4, 5]}
{"name": "mnist_CW_1_CTR_V2", "acc": [0.11133333333333334, 0.11236666666666667, 0.11236666666666667, 0.11236666666666667, 0.11236666666666667, 0.11236666666666667], "epochs": [0, 1, 2, 3, 4, 5]}
{"name": "mnist_CW_2_CTR_V2", "acc": [0.11188333333333333, 0.11208333333333333, 0.11236666666666667, 0.11236666666666667, 0.11236666666666667, 0.11236666666666667], "epochs": [0, 1, 2, 3, 4, 5]}
