{"name": "mnist_FGSM_PERMUTATED", "acc": [0.9205333333333333, 0.96855, 0.98125, 0.9881, 0.9909333333333333, 0.9921333333333333], "epochs": [0, 1, 2, 3, 4, 5]}
{"name": "mnist_CW_1_PERMUTATED", "acc": [0.8712333333333333, 0.9455833333333333, 0.9594, 0.9675166666666667, 0.9720666666666666, 0.9764833333333334], "epochs": [0, 1, 2, 3, 4, 5]}
{"name": "mnist_CW_2_PERMUTATED", "acc": [0.8800833333333333, 0.953, 0.9659166666666666, 0.9722333333333333, 0.9784166666666667, 0.98065], "epochs": [0, 1, 2, 3, 4, 5]}
{"name": "mnist_CW_1_PERMUTATED_SEED=79", "acc": [0.8641833333333333, 0.9451166666666667, 0.9595333333333333, 0.9678, 0.9723666666666667, 0.9771833333333333], "epochs": [0, 1, 2, 3, 4, 5]}
{"name": "mnist_CW_1_PERMUTATED_SEED=79", "acc": [0.8575166666666667, 0.9437, 0.9573166666666667, 0.96535, 0.9713333333333334, 0.97645], "epochs": [0, 1, 2, 3, 4, 5]}
{"name": "mnist_CW_1_PERMUTATED_0.5NORM_SEED=42", "acc": [0.8492, 0.9425166666666667, 0.9558666666666666, 0.9640833333333333, 0.9703833333333334, 0.97385], "epochs": [0, 1, 2, 3, 4, 5]}
{"name": "mnist_CW_1_PERMUTATED_0.5NORM_SEED=42", "acc": [0.8481833333333333, 0.9414333333333333, 0.9563333333333334, 0.9642333333333334, 0.9684666666666667, 0.9728666666666667], "epochs": [0, 1, 2, 3, 4, 5]}
{"name": "mnist_CW_1_PERMUTATED_0.5NORM_SEED=79", "acc": [0.8685, 0.9477666666666666, 0.9602666666666667, 0.9670333333333333, 0.9713333333333334, 0.9760833333333333], "epochs": [0, 1, 2, 3, 4, 5]}
