{"name": "mnist_FGSM_UNENCRYPTED", "acc": [0.9672, 0.9860666666666666, 0.9894, 0.9907833333333333, 0.9931, 0.9944166666666666], "epochs": [0, 1, 2, 3, 4, 5]}
{"name": "mnist_CW_1_UNENCRYPTED", "acc": [0.9587666666666667, 0.9853166666666666, 0.9897666666666667, 0.9916666666666667, 0.9926166666666667, 0.9944166666666666], "epochs": [0, 1, 2, 3, 4, 5]}
{"name": "mnist_CW_2_UNENCRYPTED", "acc": [0.96095, 0.9862833333333333, 0.9900166666666667, 0.9915333333333334, 0.9928833333333333, 0.9946166666666667], "epochs": [0, 1, 2, 3, 4, 5]}
{"name": "mnist_CW_1_UNENCRYPTED_0.5NORM", "acc": [0.9574666666666667, 0.9859333333333333, 0.9895833333333334, 0.99215, 0.9924333333333333, 0.99415], "epochs": [0, 1, 2, 3, 4, 5]}
