{"name": "mnist_FGSM_PERMUTATED", "acc": [0.9205333333333333, 0.96855, 0.98125, 0.9881, 0.9909333333333333, 0.9921333333333333], "epochs": [0, 1, 2, 3, 4, 5]}
{"name": "mnist_CW_1_PERMUTATED", "acc": [0.8712333333333333, 0.9455833333333333, 0.9594, 0.9675166666666667, 0.9720666666666666, 0.9764833333333334], "epochs": [0, 1, 2, 3, 4, 5]}
{"name": "mnist_CW_2_PERMUTATED", "acc": [0.8800833333333333, 0.953, 0.9659166666666666, 0.9722333333333333, 0.9784166666666667, 0.98065], "epochs": [0, 1, 2, 3, 4, 5]}
