{"name": "mnist_FGSM_CBC_V2", "acc": [0.11148333333333334, 0.11236666666666667, 0.11236666666666667, 0.11236666666666667, 0.11236666666666667, 0.11236666666666667], "epochs": [0, 1, 2, 3, 4, 5]}
{"name": "mnist_CW_1_CBC_V2", "acc": [0.25096666666666667, 0.3022, 0.3055833333333333, 0.30655, 0.30961666666666665, 0.31153333333333333], "epochs": [0, 1, 2, 3, 4, 5]}
{"name": "mnist_CW_2_CBC_V2", "acc": [0.11178333333333333, 0.11236666666666667, 0.11236666666666667, 0.11236666666666667, 0.11236666666666667, 0.11236666666666667], "epochs": [0, 1, 2, 3, 4, 5]}
