{"name": "mnist_FGSM_ECB_V2", "acc": [0.6944833333333333, 0.7959, 0.8143333333333334, 0.8244333333333334, 0.8397833333333333, 0.85835], "epochs": [0, 1, 2, 3, 4, 5]}
{"name": "mnist_CW_1_ECB_V2", "acc": [0.69525, 0.7914, 0.8077, 0.8164666666666667, 0.8213166666666667, 0.8294166666666667], "epochs": [0, 1, 2, 3, 4, 5]}
{"name": "mnist_CW_2_ECB_V2", "acc": [0.6776, 0.79325, 0.8083833333333333, 0.8152166666666667, 0.8230833333333333, 0.8282166666666667], "epochs": [0, 1, 2, 3, 4, 5]}
