{"name": "mnist_FGSM_CTR_V1", "acc": [0.11223333333333334, 0.11236666666666667, 0.11236666666666667, 0.11236666666666667, 0.11236666666666667, 0.11236666666666667], "epochs": [0, 1, 2, 3, 4, 5]}
{"name": "mnist_CW_1_CTR_V1", "acc": [0.11055, 0.11236666666666667, 0.11236666666666667, 0.11236666666666667, 0.11236666666666667, 0.11236666666666667], "epochs": [0, 1, 2, 3, 4, 5]}
{"name": "mnist_CW_2_CTR_V1", "acc": [0.11086666666666667, 0.11236666666666667, 0.11236666666666667, 0.11236666666666667, 0.11236666666666667, 0.11236666666666667], "epochs": [0, 1, 2, 3, 4, 5]}
