{"name": "mnist_CW_1_permutated_model", "acc": [0.8732333333333333, 0.9483166666666667, 0.9609, 0.9673, 0.9729], "epochs": [0, 1, 2, 3, 4]}
{"name": "mnist_CW_2_permutated_model", "acc": [0.8815333333333333, 0.9534833333333333, 0.96665, 0.9728, 0.9769166666666667], "epochs": [0, 1, 2, 3, 4]}
{"name": "mnist_FGSM_permutated_model", "acc": [0.91685, 0.9688166666666667, 0.9809166666666667, 0.9869333333333333, 0.99015], "epochs": [0, 1, 2, 3, 4]}
{"name": "fashion_mnist_CW_1_permutated_model", "acc": [0.7752833333333333, 0.8565, 0.8716833333333334, 0.8819666666666667, 0.8895666666666666], "epochs": [0, 1, 2, 3, 4]}
{"name": "fashion_mnist_CW_2_permutated_model", "acc": [0.79245, 0.86515, 0.8810166666666667, 0.8908, 0.9002166666666667], "epochs": [0, 1, 2, 3, 4]}
{"name": "fashion_mnist_FGSM_permutated_model", "acc": [0.8321666666666667, 0.8778333333333334, 0.89935, 0.9144166666666667, 0.9305666666666667], "epochs": [0, 1, 2, 3, 4]}
