{"name": "mnist_CW_1_permutated_model", "acc": [0.8732333333333333, 0.9483166666666667, 0.9609, 0.9673, 0.9729], "epochs": [0, 1, 2, 3, 4]}
{"name": "mnist_CW_2_permutated_model", "acc": [0.8815333333333333, 0.9534833333333333, 0.96665, 0.9728, 0.9769166666666667], "epochs": [0, 1, 2, 3, 4]}
{"name": "mnist_FGSM_permutated_model", "acc": [0.91685, 0.9688166666666667, 0.9809166666666667, 0.9869333333333333, 0.99015], "epochs": [0, 1, 2, 3, 4]}
