{"name": "fashion_mnist_FGSM_ECB_V1", "acc": [0.09995, 0.1, 0.1, 0.1, 0.1, 0.1], "epochs": [0, 1, 2, 3, 4, 5]}
{"name": "fashion_mnist_CW_1_ECB_V1", "acc": [0.09996666666666666, 0.1, 0.1, 0.1, 0.1, 0.1], "epochs": [0, 1, 2, 3, 4, 5]}
{"name": "fashion_mnist_CW_2_ECB_V1", "acc": [0.09996666666666666, 0.1, 0.1, 0.1, 0.1, 0.1], "epochs": [0, 1, 2, 3, 4, 5]}
