{"name": "fashion_mnist_FGSM_PERMUTATED", "acc": [0.8330833333333333, 0.8784833333333333, 0.89715, 0.9138333333333334, 0.92875, 0.94105], "epochs": [0, 1, 2, 3, 4, 5]}
{"name": "fashion_mnist_CW_1_PERMUTATED", "acc": [0.7861833333333333, 0.863, 0.8771, 0.88835, 0.8954333333333333, 0.9025333333333333], "epochs": [0, 1, 2, 3, 4, 5]}
{"name": "fashion_mnist_CW_2_PERMUTATED", "acc": [0.7862333333333333, 0.8637666666666667, 0.8809, 0.8902666666666667, 0.8993166666666667, 0.9058333333333334], "epochs": [0, 1, 2, 3, 4, 5]}
