{"name": "fashion_mnist_FGSM_PERMUTATED", "acc": [0.8286666666666667, 0.8769, 0.8978833333333334, 0.9132333333333333, 0.92745, 0.9405666666666667], "epochs": [0, 1, 2, 3, 4, 5]}
{"name": "fashion_mnist_CW_1_PERMUTATED", "acc": [0.7861666666666667, 0.8608666666666667, 0.8752, 0.8858666666666667, 0.8933166666666666, 0.8996333333333333], "epochs": [0, 1, 2, 3, 4, 5]}
{"name": "fashion_mnist_CW_2_PERMUTATED", "acc": [0.7689166666666667, 0.8573333333333333, 0.87475, 0.8861166666666667, 0.8937, 0.9014833333333333], "epochs": [0, 1, 2, 3, 4, 5]}
