{"name": "mnist_FGSM_CBC_V1", "acc": [0.11205, 0.11236666666666667, 0.11236666666666667, 0.11236666666666667, 0.11236666666666667, 0.11236666666666667], "epochs": [0, 1, 2, 3, 4, 5]}
{"name": "mnist_CW_1_CBC_V1", "acc": [0.28786666666666666, 0.3351, 0.3426166666666667, 0.34946666666666665, 0.35656666666666664, 0.36293333333333333], "epochs": [0, 1, 2, 3, 4, 5]}
{"name": "mnist_CW_2_CBC_V1", "acc": [0.23815, 0.33898333333333336, 0.3473833333333333, 0.3619833333333333, 0.36535, 0.36691666666666667], "epochs": [0, 1, 2, 3, 4, 5]}
