{"name": "mnist_FGSM_PERMUTATED", "acc": [0.9217166666666666, 0.96905, 0.9813166666666666, 0.98805, 0.99105, 0.9930166666666667], "epochs": [0, 1, 2, 3, 4, 5]}
{"name": "mnist_CW_1_PERMUTATED", "acc": [0.8693166666666666, 0.9457666666666666, 0.95825, 0.9656666666666667, 0.97185, 0.9756166666666667], "epochs": [0, 1, 2, 3, 4, 5]}
{"name": "mnist_CW_2_PERMUTATED", "acc": [0.8829666666666667, 0.9535333333333333, 0.9663333333333334, 0.9746833333333333, 0.9786833333333333, 0.9807333333333333], "epochs": [0, 1, 2, 3, 4, 5]}
