{"name": "mnist_FGSM_ECB_V2", "acc": [0.09861666666666667, 0.09871666666666666, 0.09871666666666666, 0.09871666666666666, 0.09871666666666666, 0.09871666666666666], "epochs": [0, 1, 2, 3, 4, 5]}
{"name": "mnist_CW_1_ECB_V2", "acc": [0.2629, 0.36035, 0.38205, 0.39385, 0.4020166666666667, 0.4068333333333333], "epochs": [0, 1, 2, 3, 4, 5]}
{"name": "mnist_CW_2_ECB_V2", "acc": [0.11201666666666667, 0.11236666666666667, 0.11215, 0.11236666666666667, 0.11236666666666667, 0.11236666666666667], "epochs": [0, 1, 2, 3, 4, 5]}
